,County,Country,Population (city),Population density (city),Population (county),Population density (county),Lockdown date,Poverty Percentage,White,Black,Asian,American Indian,Pacific Islander,Other Race,Two or More,65+ population,Unnamed: 17,Lifted Date,lat,lng,Date,Specie,City
0,Bernalillo,US,560218,2972,679121,571,3/23/2020,16.5,67.1,2.9,2.7,5.3,0,17.1,4.8,103210,,,35.106766,-106.629181,3/21/2020,o3,Albuquerque
1,Bernalillo,US,560218,2972,679121,571,3/23/2020,16.5,67.1,2.9,2.7,5.3,0,17.1,4.8,103210,,,35.106766,-106.629181,3/6/2020,no2,Albuquerque
2,Henan,CN,950301,4500,,,,,,,,,,,,,,,23.937964,108.097654,1/26/2020,o3,Anyang
3,Henan,CN,950301,4500,,,,,,,,,,,,,,,23.937964,108.097654,1/26/2020,no2,Anyang
4,Henan,CN,950301,4500,,,,,,,,,,,,,,,23.937964,108.097654,2/15/2020,co,Anyang
5,Fulton,US,498044,3539,1063937,1967,3/24/2020,13.5,42.1,44.1,8.1,0.2,0,3,2.5,113402,,,33.753746,-84.38633,,,Atlanta
6,Travis,US,964254,3031,1273954,1287,4/2/2020,12,67.6,8.4,7,0.7,0,12.4,3.7,110350,,,30.266666,-97.73333,,,Austin
7,Baltimore,US,602495,7598,827370,1384,4/1/2020,18.9,29.4,62.4,2.8,0.3,0,2.4,2.5,80846,,,39.299236,-76.609383,2/20/2020,o3,Baltimore
8,,CN,21450000,13400,,,2/10/2020,,,,,,,,,,,,39.928819,116.388869,1/26/2020,o3,Beijing
9,,CN,21450000,13400,,,2/10/2020,,,,,,,,,,,,39.928819,116.388869,1/26/2020,no2,Beijing
10,Ada,US,228790,2718,481587,457,3/25/2020,9.7,88.5,1.4,2.8,0.7,0.2,2.9,3.5,60097,,,43.6007,-116.2312,2/20/2020,o3,Boise
11,Ada,US,228790,2718,481587,457,3/25/2020,9.7,88.5,1.4,2.8,0.7,0.2,2.9,3.5,60097,,,43.6007,-116.2312,3/6/2020,co,Boise
12,Suffolk,US,694583,13933,1476601,1637,3/24/2020,17.5,52.7,21.6,8.9,0,0,11.7,4.6,91123,,,42.361145,-71.057083,2/15/2020,o3,Boston
13,Suffolk,US,694583,13933,1476601,1637,3/24/2020,17.5,52.7,21.6,8.9,0,0,11.7,4.6,91123,,,42.361145,-71.057083,3/11/2020,no2,Boston
14,Kings,US,2559903,36146.6,2559903,36146.6,3/22/2020,18.9,42.3,31.9,13.1,0.5,0,8.6,3.6,343548,,,40.650002,-73.949997,3/11/2020,pm25,Brooklyn
15,Jilin,CN,4394354,5600,,,2/6/2020,,,,,,,,,,,,43.88,125.322778,1/16/2020,o3,Changchun
16,Jilin,CN,4394354,5600,,,2/6/2020,,,,,,,,,,,,43.88,125.322778,1/21/2020,no2,Changchun
17,Jilin,CN,4394354,5600,,,2/6/2020,,,,,,,,,,,,43.88,125.322778,2/10/2020,so2,Changchun
18,Jilin,CN,4394354,5600,,,2/6/2020,,,,,,,,,,,,43.88,125.322778,1/31/2020,co,Changchun
19,Hunan,CN,5320300,11000,,,,,,,,,,,,,,,28.2,112.966667,1/16/2020,o3,Changsha
20,Hunan,CN,5320300,11000,,,,,,,,,,,,,,,28.2,112.966667,2/5/2020,pm25,Changsha
21,Hunan,CN,5320300,11000,,,,,,,,,,,,,,,28.2,112.966667,1/21/2020,no2,Changsha
22,Hunan,CN,5320300,11000,,,,,,,,,,,,,,,28.2,112.966667,1/26/2020,co,Changsha
23,Jiangsu,CN,3582581,4600,,,2/4/2020,,,,,,,,,,,,31.773585,119.954007,1/26/2020,no2,Changzhou
24,Jiangsu,CN,3582581,4600,,,2/4/2020,,,,,,,,,,,,31.773585,119.954007,2/20/2020,no2,Changzhou
25,Mecklenburg,US,872498,2757,1110356,2119,3/30/2020,11.7,50.9,32,6.5,0.5,0.1,7,3,112217,,,35.227085,-80.843124,3/6/2020,o3,Charlotte
26,Sichuan,CN,11940500,18000,,,2/7/2020,,,,,,,,,,,,30.666667,104.066667,1/21/2020,o3,Chengdu
27,Sichuan,CN,11940500,18000,,,2/7/2020,,,,,,,,,,,,30.666667,104.066667,1/21/2020,no2,Chengdu
28,Sichuan,CN,11940500,18000,,,2/7/2020,,,,,,,,,,,,30.666667,104.066667,2/20/2020,no2,Chengdu
29,Sichuan,CN,11940500,18000,,,2/7/2020,,,,,,,,,,,,30.666667,104.066667,1/31/2020,co,Chengdu
30,Cook,US,2705994,11900,5150233,5450,3/21/2020,13.8,54,23.2,7.8,0,0,11.6,3,724730,,,41.881832,-87.623177,1/31/2020,o3,Chicago
31,Cook,US,2705994,11900,5150233,5450,3/21/2020,13.8,54,23.2,7.8,0,0,11.6,3,724730,,,41.881832,-87.623177,3/11/2020,co,Chicago
32,,CN,15697611,960,,,1/31/2020,,,,,,,,,,,,29.562778,106.552778,1/26/2020,o3,Chongqing
33,,CN,15697611,960,,,1/31/2020,,,,,,,,,,,,29.562778,106.552778,1/21/2020,no2,Chongqing
34,,CN,15697611,960,,,1/31/2020,,,,,,,,,,,,29.562778,106.552778,3/6/2020,no2,Chongqing
35,Richland,US,429082,1006,415759,549,3/29/2020,16.7,45.5,46.5,2.8,0.3,0.1,2,2.7,48691,,,38.951561,-92.328636,,,Columbia
36,Franklin,US,892533,3936,1316756,2475,3/23/2020,15.5,64.2,23.3,5.7,0.2,0.1,2.8,3.7,146002,,,39.983334,-82.98333,,,Columbus
37,Dallas,US,1345047,3866,2635516,3019,4/2/2020,14.2,49.9,23,6.6,0.1,0,16.6,3.3,263792,,,32.779167,-96.808891,,,Dallas
38,Denver,US,716492,4521,727211,4520,3/24/2020,11.7,66.8,10.2,4.4,0.2,0,12.3,4.8,78751,,,39.742043,-104.991531,2/15/2020,o3,Denver
39,Denver,US,716492,4521,727211,4520,3/24/2020,11.7,66.8,10.2,4.4,0.2,0,12.3,4.8,78751,,,39.742043,-104.991531,3/1/2020,no2,Denver
40,Wayne,US,672662,4847,1749343,2858,3/24/2020,21.7,52.7,38.1,3.6,0.4,0,2.1,3,258954,,,42.331429,-83.045753,2/6/2020,o3,Detroit
41,Guangdong,CN,8220207,8600,,,2/9/2020,,,,,,,,,,,,23.048889,113.744722,1/16/2020,pm25,Dongguan
42,Guangdong,CN,8220207,8600,,,2/9/2020,,,,,,,,,,,,23.048889,113.744722,1/16/2020,no2,Dongguan
43,Guangdong,CN,8220207,8600,,,2/9/2020,,,,,,,,,,,,23.048889,113.744722,2/20/2020,no2,Dongguan
44,Guangdong,CN,8220207,8600,,,2/9/2020,,,,,,,,,,,,23.048889,113.744722,1/16/2020,pm10,Dongguan
45,Guangdong,CN,8220207,8600,,,2/9/2020,,,,,,,,,,,,23.048889,113.744722,1/26/2020,co,Dongguan
46,El Paso,US,682669,2660,839238,830,3/24/2020,20.5,80.4,3.8,1.3,0.8,0.2,10.8,2.7,97464,,,31.77,-106.5,3/21/2020,o3,El Paso
47,Tarrant,US,895008,2491,2102515,2433,3/24/2020,12.1,61.8,17.1,5.7,0.6,0.2,11.1,3.6,216591,,,32.77,-97.31,,,Fort Worth
48,Guangdong,CN,7303434,4800,,,2/8/2020,,,,,,,,,,,,23.026771,113.131483,1/6/2020,pm25,Foshan
49,Guangdong,CN,7303434,4800,,,2/8/2020,,,,,,,,,,,,23.026771,113.131483,1/16/2020,no2,Foshan
50,Guangdong,CN,7303434,4800,,,2/8/2020,,,,,,,,,,,,23.026771,113.131483,1/16/2020,pm10,Foshan
51,Guangdong,CN,7303434,4800,,,2/8/2020,,,,,,,,,,,,23.026771,113.131483,1/16/2020,so2,Foshan
52,Guangdong,CN,7303434,4800,,,2/8/2020,,,,,,,,,,,,23.026771,113.131483,1/26/2020,co,Foshan
53,Fresno,US,530093,4563,999101,167,3/19/2020,21.3,52.7,5.1,10.3,1.6,0.2,25.1,5,114438,,,36.746841,-119.772591,2/15/2020,o3,Fresno
54,Fresno,US,530093,4563,999101,167,3/19/2020,21.3,52.7,5.1,10.3,1.6,0.2,25.1,5,114438,,,36.746841,-119.772591,3/6/2020,pm25,Fresno
55,Fresno,US,530093,4563,999101,167,3/19/2020,21.3,52.7,5.1,10.3,1.6,0.2,25.1,5,114438,,,36.746841,-119.772591,3/6/2020,no2,Fresno
56,Fresno,US,530093,4563,999101,167,3/19/2020,21.3,52.7,5.1,10.3,1.6,0.2,25.1,5,114438,,,36.746841,-119.772591,3/6/2020,pm10,Fresno
57,Fresno,US,530093,4563,999101,167,3/19/2020,21.3,52.7,5.1,10.3,1.6,0.2,25.1,5,114438,,,36.746841,-119.772591,3/6/2020,co,Fresno
58,Liaoning,CN,1307200,500,,,,,,,,,,,,,,,41.855833,123.923333,1/26/2020,o3,Fushun
59,Liaoning,CN,1307200,500,,,,,,,,,,,,,,,41.855833,123.923333,1/31/2020,pm25,Fushun
60,Liaoning,CN,1307200,500,,,,,,,,,,,,,,,41.855833,123.923333,1/21/2020,no2,Fushun
61,Liaoning,CN,1307200,500,,,,,,,,,,,,,,,41.855833,123.923333,1/31/2020,so2,Fushun
62,Fujian,CN,5400000,11250,,,2/4/2020,,,,,,,,,,,,26.061389,119.306111,1/26/2020,no2,Fuzhou
63,Fujian,CN,5400000,11250,,,2/4/2020,,,,,,,,,,,,26.061389,119.306111,3/6/2020,no2,Fuzhou
64,Guangdong,CN,13189556,8893,,,2/7/2020,,,,,,,,,,,,23.116667,113.25,1/6/2020,pm25,Guangzhou
65,Guangdong,CN,13189556,8893,,,2/7/2020,,,,,,,,,,,,23.116667,113.25,1/16/2020,pm10,Guangzhou
66,Guangdong,CN,13189556,8893,,,2/7/2020,,,,,,,,,,,,23.116667,113.25,1/11/2020,so2,Guangzhou
67,Guangdong,CN,13189556,8893,,,2/7/2020,,,,,,,,,,,,23.116667,113.25,1/26/2020,co,Guangzhou
68,Guizhou,CN,3286364,4696800,,,2/7/2020,,,,,,,,,,,,26.583333,106.716667,1/21/2020,no2,Guiyang
69,Guizhou,CN,3286364,4696800,,,2/7/2020,,,,,,,,,,,,26.583333,106.716667,1/26/2020,co,Guiyang
70,Hainan,CN,2250000,14000,,,2/5/2020,,,,,,,,,,,,20.045833,110.341667,1/21/2020,no2,Haikou
71,Hainan,CN,2250000,14000,,,2/5/2020,,,,,,,,,,,,20.045833,110.341667,1/11/2020,so2,Haikou
72,Zhejiang,CN,9119000,1600,,,2/4/2020,,,,,,,,,,,,30.29365,120.161419,1/25/2020,o3,Hangzhou
73,Zhejiang,CN,9119000,1600,,,2/4/2020,,,,,,,,,,,,30.29365,120.161419,1/16/2020,no2,Hangzhou
74,Zhejiang,CN,9119000,1600,,,2/4/2020,,,,,,,,,,,,30.29365,120.161419,3/6/2020,no2,Hangzhou
75,Zhejiang,CN,9119000,1600,,,2/4/2020,,,,,,,,,,,,30.29365,120.161419,1/16/2020,so2,Hangzhou
76,Zhejiang,CN,9119000,1600,,,2/4/2020,,,,,,,,,,,,30.29365,120.161419,1/31/2020,co,Hangzhou
77,Heilongjiang,CN,6340878,22000,,,2/4/2020,,,,,,,,,,,,45.75,126.65,1/21/2020,o3,Harbin
78,Heilongjiang,CN,6340878,22000,,,2/4/2020,,,,,,,,,,,,45.75,126.65,3/6/2020,pm25,Harbin
79,Heilongjiang,CN,6340878,22000,,,2/4/2020,,,,,,,,,,,,45.75,126.65,1/31/2020,no2,Harbin
80,Heilongjiang,CN,6340878,22000,,,2/4/2020,,,,,,,,,,,,45.75,126.65,2/15/2020,so2,Harbin
81,Heilongjiang,CN,6340878,22000,,,2/4/2020,,,,,,,,,,,,45.75,126.65,2/15/2020,co,Harbin
82,Hartford,US,122587,7083,891720,1213,3/23/2020,11.2,67.4,14.4,5.8,0.3,0,8.7,3.3,147260,,,41.76371,-72.685097,2/15/2020,o3,Hartford
83,Anhui,CN,4197561,12000,,,2/5/2020,,,,,,,,,,,,31.863889,117.280833,1/21/2020,o3,Hefei
84,Anhui,CN,4197561,12000,,,2/5/2020,,,,,,,,,,,,31.863889,117.280833,2/5/2020,pm25,Hefei
85,Anhui,CN,4197561,12000,,,2/5/2020,,,,,,,,,,,,31.863889,117.280833,1/21/2020,no2,Hefei
86,Anhui,CN,4197561,12000,,,2/5/2020,,,,,,,,,,,,31.863889,117.280833,2/5/2020,co,Hefei
87,Heilongjiang,CN,690000,15000,,,,,,,,,,,,,,,47.351176,130.300115,1/16/2020,o3,Hegang
88,Heilongjiang,CN,690000,15000,,,,,,,,,,,,,,,47.351176,130.300115,2/15/2020,so2,Hegang
89,Inner Mognolia,CN,2049800,20000,,,,,,,,,,,,,,,40.810556,111.652222,3/1/2020,pm25,Hohhot
90,Inner Mognolia,CN,2049800,20000,,,,,,,,,,,,,,,40.810556,111.652222,1/31/2020,no2,Hohhot
91,Inner Mognolia,CN,2049800,20000,,,,,,,,,,,,,,,40.810556,111.652222,3/1/2020,so2,Hohhot
92,Inner Mognolia,CN,2049800,20000,,,,,,,,,,,,,,,40.810556,111.652222,2/15/2020,co,Hohhot
93,Honolulu,US,347397,5815,974563,1621,3/25/2020,7.7,20.8,2.7,42.5,0.3,9.3,1.2,23.1,166432,,,21.315603,-157.858093,,,Honolulu
94,Harris,US,2325502,3613,4713325,2767,3/24/2020,16.5,54,19.1,7.3,0.6,0.1,15.2,3.7,452327,,,29.749907,-95.358421,,,Houston
95,Marion,US,867125,2366,964582,2435,3/23/2020,17.1,57.7,28.6,3.7,0.3,0.1,6.2,3.5,113355,,,39.791,-86.148003,2/23/2020,o3,Indianapolis
96,Marion,US,867125,2366,964582,2435,3/23/2020,17.1,57.7,28.6,3.7,0.3,0.1,6.2,3.5,113355,,,39.791,-86.148003,2/26/2020,no2,Indianapolis
97,Hinds,US,166422,1524,231840,100,4/1/2020,19.4,24.4,72.7,0.8,0.2,0,0.7,1.1,31686,,,42.245777,-84.405968,,,Jackson
98,Duval,US,903889,1178,957755,1256,4/3/2020,14.5,57.9,30.1,5,0.4,0.1,2.9,3.6,123480,,,30.332184,-81.655647,2/4/2020,co,Jacksonville
99,Guangdong,CN,5877025,2900,,,,,,,,,,,,,,,23.528858,116.364159,1/16/2020,no2,Jieyang
100,Guangdong,CN,5877025,2900,,,,,,,,,,,,,,,23.528858,116.364159,2/25/2020,no2,Jieyang
101,Guangdong,CN,5877025,2900,,,,,,,,,,,,,,,23.528858,116.364159,1/16/2020,pm10,Jieyang
102,Guangdong,CN,5877025,2900,,,,,,,,,,,,,,,23.528858,116.364159,1/11/2020,so2,Jieyang
103,Shandong,CN,5307818,1700,,,2/5/2020,,,,,,,,,,,,36.668333,116.997222,1/21/2020,o3,Jinan
104,Shandong,CN,5307818,1700,,,2/5/2020,,,,,,,,,,,,36.668333,116.997222,1/26/2020,no2,Jinan
105,Shandong,CN,5307818,1700,,,2/5/2020,,,,,,,,,,,,36.668333,116.997222,2/10/2020,so2,Jinan
106,Yunnan,CN,4406978,14000,,,2/5/2020,,,,,,,,,,,,25.038889,102.718333,1/31/2020,o3,Kunming
107,Yunnan,CN,4406978,14000,,,2/5/2020,,,,,,,,,,,,25.038889,102.718333,2/15/2020,pm25,Kunming
108,Yunnan,CN,4406978,14000,,,2/5/2020,,,,,,,,,,,,25.038889,102.718333,1/21/2020,no2,Kunming
109,Yunnan,CN,4406978,14000,,,2/5/2020,,,,,,,,,,,,25.038889,102.718333,2/25/2020,no2,Kunming
110,Yunnan,CN,4406978,14000,,,2/5/2020,,,,,,,,,,,,25.038889,102.718333,3/11/2020,pm10,Kunming
111,Gansu,CN,3056424,25000,,,2/7/2020,,,,,,,,,,,,36.057006,103.839868,2/25/2020,o3,Lanzhou
112,Gansu,CN,3056424,25000,,,2/7/2020,,,,,,,,,,,,36.057006,103.839868,1/31/2020,pm25,Lanzhou
113,Gansu,CN,3056424,25000,,,2/7/2020,,,,,,,,,,,,36.057006,103.839868,3/1/2020,so2,Lanzhou
114,Gansu,CN,3056424,25000,,,2/7/2020,,,,,,,,,,,,36.057006,103.839868,2/25/2020,co,Lanzhou
115,Clark,US,644644,4709,2266715,287,4/1/2020,14,54.8,12.4,10.4,0.7,0.8,14.9,6.1,301845,,,36.114647,-115.172813,3/7/2020,o3,Las Vegas
116,Clark,US,644644,4709,2266715,287,4/1/2020,14,54.8,12.4,10.4,0.7,0.8,14.9,6.1,301845,,,36.114647,-115.172813,3/2/2020,pm25,Las Vegas
117,Clark,US,644644,4709,2266715,287,4/1/2020,14,54.8,12.4,10.4,0.7,0.8,14.9,6.1,301845,,,36.114647,-115.172813,3/8/2020,no2,Las Vegas
118,Clark,US,644644,4709,2266715,287,4/1/2020,14,54.8,12.4,10.4,0.7,0.8,14.9,6.1,301845,,,36.114647,-115.172813,3/9/2020,so2,Las Vegas
119,Tibet,CN,330000,1377,,,,,,,,,,,,,,,29.65,91.1,1/16/2020,o3,Lhasa
120,Tibet,CN,330000,1377,,,,,,,,,,,,,,,29.65,91.1,1/16/2020,pm25,Lhasa
121,Tibet,CN,330000,1377,,,,,,,,,,,,,,,29.65,91.1,1/16/2020,no2,Lhasa
122,Tibet,CN,330000,1377,,,,,,,,,,,,,,,29.65,91.1,1/16/2020,pm10,Lhasa
123,Tibet,CN,330000,1377,,,,,,,,,,,,,,,29.65,91.1,3/26/2020,pm10,Lhasa
124,Tibet,CN,330000,1377,,,,,,,,,,,,,,,29.65,91.1,2/15/2020,co,Lhasa
125,Pulsaki,US,197881,1673,391911,515,,16.7,54.4,36.9,2.4,0.4,0.1,3.3,2.6,56988,,,34.75,-92.29,,,Little Rock
126,Los Angeles,US,3990456,8484,10039107,2473,3/19/2020,14.2,48.6,8.2,15,0.7,0.3,22.4,4.9,1299277,,,34.052235,-118.243683,1/31/2020,o3,Los Angeles
127,Los Angeles,US,3990456,8484,10039107,2473,3/19/2020,14.2,48.6,8.2,15,0.7,0.3,22.4,4.9,1299277,,,34.052235,-118.243683,3/6/2020,pm25,Los Angeles
128,Los Angeles,US,3990456,8484,10039107,2473,3/19/2020,14.2,48.6,8.2,15,0.7,0.3,22.4,4.9,1299277,,,34.052235,-118.243683,3/6/2020,no2,Los Angeles
129,Los Angeles,US,3990456,8484,10039107,2473,3/19/2020,14.2,48.6,8.2,15,0.7,0.3,22.4,4.9,1299277,,,34.052235,-118.243683,3/6/2020,pm10,Los Angeles
130,Los Angeles,US,3990456,8484,10039107,2473,3/19/2020,14.2,48.6,8.2,15,0.7,0.3,22.4,4.9,1299277,,,34.052235,-118.243683,3/7/2020,co,Los Angeles
131,Dane,US,258054,3280,546695,456,3/27/2020,10.8,91.9,5.3,6.5,0.3,0,2.8,3,67689,,,43.073051,-89.40123,,,Madison
132,New York,US,1628706,69467.5,1628706,69467.5,3/22/2020,15.6,55.3,14.8,13.1,0.5,0.1,11.8,4.5,257362,,,40.741997,-73.986107,2/25/2020,o3,Manhattan
133,Shelby,US,650618,2056,937165,1228,3/24/2020,21.7,37.3,54,2.7,0.2,0.1,3.9,1.9,118566,,,35.1175,-89.971107,,,Memphis
134,Miami-Dade,US,470914,12599,2716940,1431,3/26/2020,16,75.1,17.2,1.5,0.2,0,3.4,2.5,423353,,,25.761681,-80.191788,,,Miami
135,Milwaukee,US,592025,6186,945726,3924,3/25/2020,19.1,57.8,26.9,4.6,0.8,0,6.4,3.6,123013,,,43.038902,-87.906471,2/5/2020,o3,Milwaukee
136,Milwaukee,US,592025,6186,945726,3924,3/25/2020,19.1,57.8,26.9,4.6,0.8,0,6.4,3.6,123013,,,43.038902,-87.906471,3/11/2020,co,Milwaukee
137,Jiangxi,CN,3559958,11000,,,2/5/2020,,,,,,,,,,,,28.683333,115.883333,1/21/2020,o3,Nanchang
138,Jiangxi,CN,3559958,11000,,,2/5/2020,,,,,,,,,,,,28.683333,115.883333,1/21/2020,no2,Nanchang
139,Jiangxi,CN,3559958,11000,,,2/5/2020,,,,,,,,,,,,28.683333,115.883333,1/6/2020,pm10,Nanchang
140,Jiangxi,CN,3559958,11000,,,2/5/2020,,,,,,,,,,,,28.683333,115.883333,1/6/2020,so2,Nanchang
141,Jiangxi,CN,3559958,11000,,,2/5/2020,,,,,,,,,,,,28.683333,115.883333,1/26/2020,co,Nanchang
142,Jiangsu,CN,8745666,3183,,,2/4/2020,,,,,,,,,,,,32.061667,118.777778,2/20/2020,o3,Nanjing
143,Jiangsu,CN,8745666,3183,,,2/4/2020,,,,,,,,,,,,32.061667,118.777778,1/16/2020,no2,Nanjing
144,Guangxi,CN,4417600,850,,,2/5/2020,,,,,,,,,,,,22.816667,108.316667,1/11/2020,pm10,Nanning
145,Guangxi,CN,4417600,850,,,2/5/2020,,,,,,,,,,,,22.816667,108.316667,1/6/2020,so2,Nanning
146,Davidson,US,669053,1388,694144,1377,3/23/2020,15.4,60.1,27.3,3.9,0.3,0.1,5.3,3.1,79891,,,36.174465,-86.76796,2/28/2020,o3,Nashville
147,Zhejiang,CN,4065501,4782,,,2/4/2020,,,,,,,,,,,,29.878186,121.549453,1/24/2020,o3,Ningbo
148,Zhejiang,CN,4065501,4782,,,2/4/2020,,,,,,,,,,,,29.878186,121.549453,1/11/2020,no2,Ningbo
149,Zhejiang,CN,4065501,4782,,,2/4/2020,,,,,,,,,,,,29.878186,121.549453,1/24/2020,co,Ningbo
150,Alameda,US,429082,7514,1671329,2262,3/19/2020,9,39.6,10.4,31.4,0.6,0.8,10.8,6.4,215917,,,37.8,-122.3,3/1/2020,o3,Oakland
151,Alameda,US,429082,7514,1671329,2262,3/19/2020,9,39.6,10.4,31.4,0.6,0.8,10.8,6.4,215917,,,37.8,-122.3,3/1/2020,no2,Oakland
152,Alameda,US,429082,7514,1671329,2262,3/19/2020,9,39.6,10.4,31.4,0.6,0.8,10.8,6.4,215917,,,37.8,-122.3,3/1/2020,co,Oakland
153,Douglas,US,468262,3356,571327,1741,,11.6,73.6,11,4.3,0.8,0.1,6.7,3.4,68170,,,41.25716,-95.995102,,,Omaha
154,Philadelphia,US,1584138,11683,1584064,11824,3/23/2020,24.3,38.8,41.9,7.7,0.5,0.1,7.5,3.5,207563,,,39.952583,-75.165222,2/20/2020,o3,Philadelphia
155,Maricopa,US,1660272,3120,4485414,487,3/31/2020,12.3,69.4,5.9,4.3,2.2,0.2,13.8,4.1,615277,,,33.448376,-112.074036,2/20/2020,o3,Phoenix
156,Maricopa,US,1660272,3120,4485414,487,3/31/2020,12.3,69.4,5.9,4.3,2.2,0.2,13.8,4.1,615277,,,33.448376,-112.074036,2/20/2020,pm25,Phoenix
157,Maricopa,US,1660272,3120,4485414,487,3/31/2020,12.3,69.4,5.9,4.3,2.2,0.2,13.8,4.1,615277,,,33.448376,-112.074036,2/20/2020,no2,Phoenix
158,Maricopa,US,1660272,3120,4485414,487,3/31/2020,12.3,69.4,5.9,4.3,2.2,0.2,13.8,4.1,615277,,,33.448376,-112.074036,3/1/2020,co,Phoenix
159,Multnomah,US,653115,4793,812855,1886,3/25/2020,12,73.7,5.9,8,1,0.6,5.6,5.2,100763,,,45.523064,-122.676483,1/11/2020,so2,Portland
160,Providence,US,179335,9740,638931,1558,3/28/2020,16.1,67.8,9.7,4.6,0.8,0.1,11.8,5.1,93384,,,41.825226,-71.418884,2/10/2020,o3,Providence
161,Shandong,CN,5579264,9400,,,2/5/2020,,,,,,,,,,,,36.066049,120.369393,1/21/2020,o3,Qingdao
162,Shandong,CN,5579264,9400,,,2/5/2020,,,,,,,,,,,,36.066049,120.369393,1/21/2020,no2,Qingdao
163,Hebei,CN,1252400,9800,,,,,,,,,,,,,,,,,1/26/2020,o3,Qinhuangdao
164,Hebei,CN,1252400,9800,,,,,,,,,,,,,,,,,1/26/2020,no2,Qinhuangdao
165,Hebei,CN,1252400,9800,,,,,,,,,,,,,,,,,2/10/2020,so2,Qinhuangdao
166,Hebei,CN,1252400,9800,,,,,,,,,,,,,,,,,2/25/2020,co,Qinhuangdao
167,Heilongjiang,CN,1481637,950,,,,,,,,,,,,,,,47.34088,123.960448,2/10/2020,o3,Qiqihar
168,Heilongjiang,CN,1481637,950,,,,,,,,,,,,,,,47.34088,123.960448,1/31/2020,no2,Qiqihar
169,Queens,US,253858,20907,253858,20907,3/22/2020,11.6,35.9,18.5,26.4,0.7,0.1,13.4,5,340656,,,40.74205,-73.769417,3/1/2020,o3,Queens
170,Wake,US,469298,3163,1111761,1331,3/30/2020,8.4,63.5,20.3,7.8,0.5,0.1,4.9,3,113852,,,35.787743,-78.644257,2/25/2020,o3,Raleigh
171,Richmond City,US,228783,3732,228783,3732,4/1/2020,22.3,43.3,47.3,2.3,0.3,0.1,4.1,2.6,27831,,,37.54129,-77.434769,,,Richmond
172,Sacramento,US,508529,5059,1552058,1608,3/19/2020,14.3,53.5,10.2,16.4,1,1.1,10.2,7.5,202207,,,38.575764,-121.478851,3/5/2020,pm25,Sacramento
173,Ramsey,US,307695,5815,550321,3620,3/27/2020,14.6,63.1,12.7,16.3,0.7,0.1,3.1,4.1,74248,,,44.954445,-93.091301,,,Saint Paul
174,Marion,US,173442,3445,347818,293,3/23/2020,14.5,74.9,1.3,2.3,1.6,1,14.3,4.6,50268,,,44.944099,-123.040283,,,Salem
175,Salt Lake,US,200591,1742,11690437,15755,3/30/2020,9,78.3,1.9,4.4,0.9,1.6,9,3.8,114930,,,40.76,-111.9,3/6/2020,o3,Salt Lake City
176,Salt Lake,US,200591,1742,11690437,15755,3/30/2020,9,78.3,1.9,4.4,0.9,1.6,9,3.8,114930,,,40.76,-111.9,3/6/2020,no2,Salt Lake City
177,Salt Lake,US,200591,1742,11690437,15755,3/30/2020,9,78.3,1.9,4.4,0.9,1.6,9,3.8,114930,,,40.76,-111.9,2/15/2020,co,Salt Lake City
178,Bexar,US,1532233,3238,1714773,1382,3/24/2020,17.2,70.8,8.1,3,0.8,0.2,13.2,3.9,223805,,,29.424349,-98.491142,,,San Antonio
179,San Diego,US,1425976,4325,3338330,794,3/19/2020,11.5,61.1,5,12.2,0.8,0.5,14.6,5.7,439595,,,32.715736,-117.161087,,,San Diego
180,San Francisco,US,883305,18568,883305,18568,3/19/2020,10.1,46.5,5.1,35.8,0.4,0.4,6.7,5.2,883305,,,37.733795,-122.446747,3/1/2020,o3,San Francisco
181,San Francisco,US,883305,18568,883305,18568,3/19/2020,10.1,46.5,5.1,35.8,0.4,0.4,6.7,5.2,883305,,,37.733795,-122.446747,3/1/2020,no2,San Francisco
182,San Francisco,US,883305,18568,883305,18568,3/19/2020,10.1,46.5,5.1,35.8,0.4,0.4,6.7,5.2,883305,,,37.733795,-122.446747,3/11/2020,co,San Francisco
183,Santa Clara,US,1030119,5777,1927852,1494,3/19/2020,7.3,41.6,2.5,37.9,0.7,0.4,11.7,5.2,246908,,,37.34,-121.9,2/25/2020,o3,San Jose
184,Santa Clara,US,1030119,5777,1927852,1494,3/19/2020,7.3,41.6,2.5,37.9,0.7,0.4,11.7,5.2,246908,,,37.34,-121.9,3/1/2020,no2,San Jose
185,Santa Clara,US,1030119,5777,1927852,1494,3/19/2020,7.3,41.6,2.5,37.9,0.7,0.4,11.7,5.2,246908,,,37.34,-121.9,3/1/2020,co,San Jose
186,King,US,744955,8405,2252782,1064,3/23/2020,9.2,62.7,6.7,18.9,0.8,0.8,4.4,5.7,274609,,,47.608013,-122.335167,,,Seattle
187,,CN,26808537,9900,,,2/10/2020,,,,,,,,,,,,31.222222,121.458056,1/21/2020,o3,Shanghai
188,,CN,26808537,9900,,,2/10/2020,,,,,,,,,,,,31.222222,121.458056,1/21/2020,no2,Shanghai
189,Guangdong,CN,4300741,6200,,,,,,,,,,,,,,,23.36814,116.71479,1/26/2020,no2,Shantou
190,Guangdong,CN,4300741,6200,,,,,,,,,,,,,,,23.36814,116.71479,2/25/2020,no2,Shantou
191,Liaoning,CN,7169165,8200,,,,,,,,,,,,,,,41.792222,123.432778,1/21/2020,o3,Shenyang
192,Liaoning,CN,7169165,8200,,,,,,,,,,,,,,,41.792222,123.432778,1/31/2020,so2,Shenyang
193,Guangdong,CN,12280242,19000,,,2/7/2020,,,,,,,,,,,,22.533333,114.133333,1/21/2020,pm25,Shenzhen
194,Guangdong,CN,12280242,19000,,,2/7/2020,,,,,,,,,,,,22.533333,114.133333,1/16/2020,pm10,Shenzhen
195,Hebei,CN,4086057,16000,,,2/5/2020,,,,,,,,,,,,38.041389,114.478611,1/26/2020,o3,Shijiazhuang
196,Hebei,CN,4086057,16000,,,2/5/2020,,,,,,,,,,,,38.041389,114.478611,1/26/2020,no2,Shijiazhuang
197,Hebei,CN,4086057,16000,,,2/5/2020,,,,,,,,,,,,38.041389,114.478611,2/25/2020,co,Shijiazhuang
198,Hubei,CN,700900,8500,,,1/24/2020,,,,,,,,,,,3/25/2020,32.6475,110.778056,2/5/2020,pm25,Shiyan
199,Hubei,CN,700900,8500,,,1/24/2020,,,,,,,,,,,3/25/2020,32.6475,110.778056,1/26/2020,no2,Shiyan
200,Hubei,CN,700900,8500,,,1/24/2020,,,,,,,,,,,3/25/2020,32.6475,110.778056,3/16/2020,no2,Shiyan
201,Hubei,CN,700900,8500,,,1/24/2020,,,,,,,,,,,3/25/2020,32.6475,110.778056,1/21/2020,so2,Shiyan
202,Hubei,CN,700900,8500,,,1/24/2020,,,,,,,,,,,3/25/2020,32.6475,110.778056,2/25/2020,co,Shiyan
203,Hubei,CN,700900,8500,,,1/24/2020,,,,,,,,,,,3/25/2020,32.6475,110.778056,3/21/2020,co,Shiyan
204,Greene,US,168122,1900,283086,420,3/24/2020,15.5,89,3.4,2.2,0.7,0.1,1.2,3.3,291923,,,37.210388,-93.297256,,,Springfield
205,Richmond,US,476143,8030.3,476143,8030.3,3/22/2020,11.7,69,10.9,9.9,0.3,1,6.7,3.1,73325,,,40.58,-74.15,2/25/2020,o3,Staten Island
206,Jiangsu,CN,7069992,6676,,,2/6/2020,,,,,,,,,,,,33.636111,116.978889,1/21/2020,no2,Suzhou
207,Jiangsu,CN,7069992,6676,,,2/6/2020,,,,,,,,,,,,33.636111,116.978889,3/11/2020,no2,Suzhou
208,Shanxi,CN,3862721,6600,,,,,,,,,,,,,,,37.869444,112.560278,1/21/2020,o3,Taiyuan
209,Shanxi,CN,3862721,6600,,,,,,,,,,,,,,,37.869444,112.560278,1/26/2020,no2,Taiyuan
210,Shanxi,CN,3862721,6600,,,,,,,,,,,,,,,37.869444,112.560278,2/25/2020,so2,Taiyuan
211,Shanxi,CN,3862721,6600,,,,,,,,,,,,,,,37.869444,112.560278,3/1/2020,co,Taiyuan
212,Leon,US,193551,1901,293582,440,3/25/2020,20.7,60.3,31.6,3.7,0.3,0.1,1.4,2.7,35700,,,30.455,-84.253334,1/22/2020,so2,Tallahassee
213,Leon,US,193551,1901,293582,440,3/25/2020,20.7,60.3,31.6,3.7,0.3,0.1,1.4,2.7,35700,,,30.455,-84.253334,3/23/2020,co,Tallahassee
214,Bronx,US,1418207,32903.6,1418207,32903.6,3/22/2020,27.3,26.3,35.5,4,1.3,0.1,27.2,5.6,174470,,,40.837048,-73.865433,2/28/2020,o3,The Bronx
215,,CN,13524025,3400,,,2/7/2020,,,,,,,,,,,,39.142222,117.176667,1/26/2020,no2,Tianjin
216,Pima,US,545975,2299,1047279,113,3/31/2020,16.2,71.6,3.8,3.2,3.4,0.2,13.6,4.2,190252,,,32.25346,-110.911789,3/1/2020,o3,Tucson
217,Pima,US,545975,2299,1047279,113,3/31/2020,16.2,71.6,3.8,3.2,3.4,0.2,13.6,4.2,190252,,,32.25346,-110.911789,2/22/2020,no2,Tucson
218,Pima,US,545975,2299,1047279,113,3/31/2020,16.2,71.6,3.8,3.2,3.4,0.2,13.6,4.2,190252,,,32.25346,-110.911789,3/2/2020,co,Tucson
219,District of Columbia,US,702455,11148,702455,11148,3/30/2020,16.1,41.9,44.9,4.3,0.4,0.1,5.1,3.4,81712,,,38.889484,-77.035278,,,Washington D. C. 
220,Hubei,CN,8331671,15080,,,1/23/2020,,,,,,,,,,,4/8/2020,30.583333,114.266667,1/24/2020,o3,Wuhan
221,Hubei,CN,8331671,15080,,,1/23/2020,,,,,,,,,,,4/8/2020,30.583333,114.266667,2/7/2020,pm25,Wuhan
222,Hubei,CN,8331671,15080,,,1/23/2020,,,,,,,,,,,4/8/2020,30.583333,114.266667,1/24/2020,no2,Wuhan
223,Hubei,CN,8331671,15080,,,1/23/2020,,,,,,,,,,,4/8/2020,30.583333,114.266667,1/23/2020,pm10,Wuhan
224,Jiangsu,CN,3236811,3700,,,2/3/2020,,,,,,,,,,,,31.568873,120.288573,1/21/2020,no2,Wuxi
225,Fujian,CN,3697107,25150,,,,,,,,,,,,,,,24.479794,118.081869,,,Xiamen
226,Qinghai,CN,1460000,20000,,,,,,,,,,,,,,,36.625541,101.75739,1/21/2020,o3,Xining
227,Qinghai,CN,1460000,20000,,,,,,,,,,,,,,,36.625541,101.75739,1/31/2020,pm25,Xining
228,Qinghai,CN,1460000,20000,,,,,,,,,,,,,,,36.625541,101.75739,1/26/2020,no2,Xining
229,Qinghai,CN,1460000,20000,,,,,,,,,,,,,,,36.625541,101.75739,2/25/2020,so2,Xining
230,Qinghai,CN,1460000,20000,,,,,,,,,,,,,,,36.625541,101.75739,2/15/2020,co,Xining
231,Henan,CN,1047088,6300,,,,,,,,,,,,,,,,,1/23/2020,o3,Xinxiang
232,Henan,CN,1047088,6300,,,,,,,,,,,,,,,,,1/26/2020,no2,Xinxiang
233,Henan,CN,1047088,6300,,,,,,,,,,,,,,,,,1/26/2020,pm10,Xinxiang
234,Shaanxi,CN,7907072,17000,,,2/2/2020,,,,,,,,,,,,34.258333,108.928611,1/21/2020,o3,Xi’an
235,Shaanxi,CN,7907072,17000,,,2/2/2020,,,,,,,,,,,,34.258333,108.928611,2/15/2020,pm25,Xi’an
236,Shaanxi,CN,7907072,17000,,,2/2/2020,,,,,,,,,,,,34.258333,108.928611,1/26/2020,no2,Xi’an
237,Shaanxi,CN,7907072,17000,,,2/2/2020,,,,,,,,,,,,34.258333,108.928611,3/1/2020,no2,Xi’an
238,Shaanxi,CN,7907072,17000,,,2/2/2020,,,,,,,,,,,,34.258333,108.928611,3/1/2020,co,Xi’an
239,Henan,CN,4307488,2200,,,,,,,,,,,,,,,,,1/27/2020,o3,Xuchang
240,Henan,CN,4307488,2200,,,,,,,,,,,,,,,,,2/10/2020,pm25,Xuchang
241,Henan,CN,4307488,2200,,,,,,,,,,,,,,,,,1/26/2020,no2,Xuchang
242,Henan,CN,4307488,2200,,,,,,,,,,,,,,,,,3/1/2020,no2,Xuchang
243,Henan,CN,4307488,2200,,,,,,,,,,,,,,,,,2/5/2020,co,Xuchang
244,Ningxia,CN,2570000,14000,,,1/31/2020,,,,,,,,,,,,38.468056,106.273056,1/26/2020,o3,Yinchuan
245,Ningxia,CN,2570000,14000,,,1/31/2020,,,,,,,,,,,,38.468056,106.273056,2/15/2020,pm25,Yinchuan
246,Ningxia,CN,2570000,14000,,,1/31/2020,,,,,,,,,,,,38.468056,106.273056,1/26/2020,no2,Yinchuan
247,Ningxia,CN,2570000,14000,,,1/31/2020,,,,,,,,,,,,38.468056,106.273056,3/6/2020,co,Yinchuan
248,Guangdong,CN,2367154,780,,,,,,,,,,,,,,,22.928325,112.039539,1/6/2020,pm25,Yunfu
249,Guangdong,CN,2367154,780,,,,,,,,,,,,,,,22.928325,112.039539,1/16/2020,no2,Yunfu
250,Guangdong,CN,2367154,780,,,,,,,,,,,,,,,22.928325,112.039539,1/16/2020,pm10,Yunfu
251,Guangdong,CN,2367154,780,,,,,,,,,,,,,,,22.928325,112.039539,1/3/2020,co,Yunfu
252,Henan,CN,5258362,15000,,,2/4/2020,,,,,,,,,,,,34.683611,113.5325,1/26/2020,o3,Zhengzhou
253,Henan,CN,5258362,15000,,,2/4/2020,,,,,,,,,,,,34.683611,113.5325,1/26/2020,no2,Zhengzhou
254,Henan,CN,5258362,15000,,,2/4/2020,,,,,,,,,,,,34.683611,113.5325,3/1/2020,no2,Zhengzhou
255,Henan,CN,5258362,15000,,,2/4/2020,,,,,,,,,,,,34.683611,113.5325,2/5/2020,co,Zhengzhou
256,Hunan,CN,1145100,3438,,,,,,,,,,,,,,,27.833333,113.15,1/26/2020,o3,Zhuzhou
257,Hunan,CN,1145100,3438,,,,,,,,,,,,,,,27.833333,113.15,2/5/2020,pm25,Zhuzhou
258,Hunan,CN,1145100,3438,,,,,,,,,,,,,,,27.833333,113.15,1/21/2020,no2,Zhuzhou
259,Hunan,CN,1145100,3438,,,,,,,,,,,,,,,27.833333,113.15,1/6/2020,pm10,Zhuzhou
260,Hunan,CN,1145100,3438,,,,,,,,,,,,,,,27.833333,113.15,1/26/2020,co,Zhuzhou
261,Xinjiang,CN,4308738,630,,,,,,,,,,,,,,,43.807347,87.630506,1/26/2020,o3,Ürümqi
262,Xinjiang,CN,4308738,630,,,,,,,,,,,,,,,43.807347,87.630506,2/25/2020,pm25,Ürümqi
263,Xinjiang,CN,4308738,630,,,,,,,,,,,,,,,43.807347,87.630506,2/10/2020,no2,Ürümqi
264,Xinjiang,CN,4308738,630,,,,,,,,,,,,,,,43.807347,87.630506,2/10/2020,pm10,Ürümqi
265,Xinjiang,CN,4308738,630,,,,,,,,,,,,,,,43.807347,87.630506,2/10/2020,co,Ürümqi
